id,product_code,plant_name,country,purity_grade,cost_per_kg,min_batch_kg,capacity_kg_month,lead_time_days
1,CHEM-X01,Internal Plant IN-1 (synthetic),India,99.0,10.936,1000,30000,35
2,CHEM-X01,Internal Plant IN-1 (synthetic),India,99.5,12.5764,1000,120000,37
3,CHEM-X02,Internal Plant IN-1 (synthetic),India,99.0,1.808,1000,120000,28
4,CHEM-X02,Internal Plant IN-1 (synthetic),India,99.5,2.0792,1000,30000,29
5,CHEM-X03,Internal Plant IN-1 (synthetic),India,98.0,3.0176,1000,30000,37
6,CHEM-X03,Internal Plant IN-1 (synthetic),India,98.5,3.1488,1000,30000,29
7,CHEM-X04,Internal Plant IN-1 (synthetic),India,99.0,2.168,1000,120000,34
8,CHEM-X04,Internal Plant IN-1 (synthetic),India,99.5,2.4932,1000,60000,31
9,CHEM-X06,Internal Plant IN-1 (synthetic),India,99.0,15.6,1000,60000,29
10,CHEM-X06,Internal Plant IN-1 (synthetic),India,99.5,17.94,1000,120000,27
11,CHEM-X07,Internal Plant IN-1 (synthetic),India,98.0,12.2986,1000,60000,25
12,CHEM-X07,Internal Plant IN-1 (synthetic),India,98.5,12.8333,1000,60000,31
13,CHEM-X08,Internal Plant IN-1 (synthetic),India,98.0,8.6406,1000,30000,38
14,CHEM-X08,Internal Plant IN-1 (synthetic),India,98.5,9.0163,1000,60000,33
15,CHEM-X09,Internal Plant IN-1 (synthetic),India,99.0,19.048,1000,30000,31
16,CHEM-X09,Internal Plant IN-1 (synthetic),India,99.5,21.9052,1000,30000,30
17,CHEM-X11,Internal Plant IN-1 (synthetic),India,98.5,11.0362,1000,60000,34
18,CHEM-X11,Internal Plant IN-1 (synthetic),India,99.0,11.496,1000,60000,26
19,CHEM-X13,Internal Plant IN-1 (synthetic),India,98.5,6.4896,1000,60000,35
20,CHEM-X13,Internal Plant IN-1 (synthetic),India,99.0,6.76,1000,120000,40
21,CHEM-X14,Internal Plant IN-1 (synthetic),India,99.0,6.712,1000,60000,34
22,CHEM-X14,Internal Plant IN-1 (synthetic),India,99.5,7.7188,1000,30000,27
23,CHEM-X16,Internal Plant IN-1 (synthetic),India,98.5,3.9782,1000,60000,29
24,CHEM-X16,Internal Plant IN-1 (synthetic),India,99.0,4.144,1000,120000,32
25,CHEM-X18,Internal Plant IN-1 (synthetic),India,99.0,22.8,1000,30000,27
26,CHEM-X18,Internal Plant IN-1 (synthetic),India,99.5,26.22,1000,120000,37
27,CHEM-X19,Internal Plant IN-1 (synthetic),India,98.0,19.2758,1000,60000,34
28,CHEM-X19,Internal Plant IN-1 (synthetic),India,98.5,20.1139,1000,60000,40
