id,supplier_code,product_code,purity_grade,tier_min_kg,price_per_kg,currency,valid_until
1,S08,CHEM-X01,98.5,0.0,14.3568,USD,2027-03-31
2,S08,CHEM-X01,98.5,1000.0,13.9261,USD,2027-03-31
3,S08,CHEM-X01,98.5,5000.0,13.3518,USD,2027-03-31
4,S08,CHEM-X01,98.5,20000.0,12.634,USD,2027-03-31
5,S08,CHEM-X01,99.0,0.0,14.955,USD,2027-03-31
6,S08,CHEM-X01,99.0,1000.0,14.5063,USD,2027-03-31
7,S08,CHEM-X01,99.0,5000.0,13.9081,USD,2027-03-31
8,S08,CHEM-X01,99.0,20000.0,13.1604,USD,2027-03-31
9,S08,CHEM-X01,99.5,0.0,17.1982,USD,2027-03-31
10,S08,CHEM-X01,99.5,1000.0,16.6823,USD,2027-03-31
11,S08,CHEM-X01,99.5,5000.0,15.9944,USD,2027-03-31
12,S08,CHEM-X01,99.5,20000.0,15.1344,USD,2027-03-31
13,S09,CHEM-X01,99.0,0.0,13.7383,USD,2027-03-31
14,S09,CHEM-X01,99.0,1000.0,13.3262,USD,2027-03-31
15,S09,CHEM-X01,99.0,5000.0,12.7767,USD,2027-03-31
16,S09,CHEM-X01,99.0,20000.0,12.0897,USD,2027-03-31
17,S09,CHEM-X01,99.5,0.0,15.7991,USD,2027-03-31
18,S09,CHEM-X01,99.5,1000.0,15.3251,USD,2027-03-31
19,S09,CHEM-X01,99.5,5000.0,14.6932,USD,2027-03-31
20,S09,CHEM-X01,99.5,20000.0,13.9032,USD,2027-03-31
21,S15,CHEM-X01,98.5,0.0,14.6849,USD,2027-03-31
22,S15,CHEM-X01,98.5,1000.0,14.2443,USD,2027-03-31
23,S15,CHEM-X01,98.5,5000.0,13.6569,USD,2027-03-31
24,S15,CHEM-X01,98.5,20000.0,12.9227,USD,2027-03-31
25,S15,CHEM-X01,99.0,0.0,15.2967,USD,2027-03-31
26,S15,CHEM-X01,99.0,1000.0,14.8378,USD,2027-03-31
27,S15,CHEM-X01,99.0,5000.0,14.226,USD,2027-03-31
28,S15,CHEM-X01,99.0,20000.0,13.4611,USD,2027-03-31
29,S15,CHEM-X01,99.5,0.0,17.5912,USD,2027-03-31
30,S15,CHEM-X01,99.5,1000.0,17.0635,USD,2027-03-31
31,S15,CHEM-X01,99.5,5000.0,16.3599,USD,2027-03-31
32,S15,CHEM-X01,99.5,20000.0,15.4803,USD,2027-03-31
33,S12,CHEM-X02,98.5,0.0,2.3128,USD,2027-03-31
34,S12,CHEM-X02,98.5,1000.0,2.2434,USD,2027-03-31
35,S12,CHEM-X02,98.5,5000.0,2.1509,USD,2027-03-31
36,S12,CHEM-X02,98.5,20000.0,2.0353,USD,2027-03-31
37,S12,CHEM-X02,99.0,0.0,2.4092,USD,2027-03-31
38,S12,CHEM-X02,99.0,1000.0,2.3369,USD,2027-03-31
39,S12,CHEM-X02,99.0,5000.0,2.2405,USD,2027-03-31
40,S12,CHEM-X02,99.0,20000.0,2.1201,USD,2027-03-31
41,S12,CHEM-X02,99.5,0.0,2.7705,USD,2027-03-31
42,S12,CHEM-X02,99.5,1000.0,2.6874,USD,2027-03-31
43,S12,CHEM-X02,99.5,5000.0,2.5766,USD,2027-03-31
44,S12,CHEM-X02,99.5,20000.0,2.4381,USD,2027-03-31
45,S11,CHEM-X02,99.0,0.0,2.3233,USD,2027-03-31
46,S11,CHEM-X02,99.0,1000.0,2.2536,USD,2027-03-31
47,S11,CHEM-X02,99.0,5000.0,2.1607,USD,2027-03-31
48,S11,CHEM-X02,99.0,20000.0,2.0445,USD,2027-03-31
49,S11,CHEM-X02,99.5,0.0,2.6718,USD,2027-03-31
50,S11,CHEM-X02,99.5,1000.0,2.5916,USD,2027-03-31
51,S11,CHEM-X02,99.5,5000.0,2.4847,USD,2027-03-31
52,S11,CHEM-X02,99.5,20000.0,2.3512,USD,2027-03-31
53,S05,CHEM-X03,98.0,0.0,3.8286,USD,2027-03-31
54,S05,CHEM-X03,98.0,1000.0,3.7137,USD,2027-03-31
55,S05,CHEM-X03,98.0,5000.0,3.5606,USD,2027-03-31
56,S05,CHEM-X03,98.0,20000.0,3.3692,USD,2027-03-31
57,S05,CHEM-X03,98.5,0.0,3.995,USD,2027-03-31
58,S05,CHEM-X03,98.5,1000.0,3.8752,USD,2027-03-31
59,S05,CHEM-X03,98.5,5000.0,3.7154,USD,2027-03-31
60,S05,CHEM-X03,98.5,20000.0,3.5156,USD,2027-03-31
61,S05,CHEM-X03,99.9,0.0,6.0342,USD,2027-03-31
62,S05,CHEM-X03,99.9,1000.0,5.8531,USD,2027-03-31
63,S05,CHEM-X03,99.9,5000.0,5.6118,USD,2027-03-31
64,S05,CHEM-X03,99.9,20000.0,5.3101,USD,2027-03-31
65,S11,CHEM-X03,98.0,0.0,3.8776,USD,2027-03-31
66,S11,CHEM-X03,98.0,1000.0,3.7613,USD,2027-03-31
67,S11,CHEM-X03,98.0,5000.0,3.6062,USD,2027-03-31
68,S11,CHEM-X03,98.0,20000.0,3.4123,USD,2027-03-31
69,S11,CHEM-X03,98.5,0.0,4.0462,USD,2027-03-31
70,S11,CHEM-X03,98.5,1000.0,3.9248,USD,2027-03-31
71,S11,CHEM-X03,98.5,5000.0,3.763,USD,2027-03-31
72,S11,CHEM-X03,98.5,20000.0,3.5607,USD,2027-03-31
73,S08,CHEM-X03,98.0,0.0,4.1266,USD,2027-03-31
74,S08,CHEM-X03,98.0,1000.0,4.0028,USD,2027-03-31
75,S08,CHEM-X03,98.0,5000.0,3.8377,USD,2027-03-31
76,S08,CHEM-X03,98.0,20000.0,3.6314,USD,2027-03-31
77,S04,CHEM-X04,98.5,0.0,2.4611,USD,2027-03-31
78,S04,CHEM-X04,98.5,1000.0,2.3873,USD,2027-03-31
79,S04,CHEM-X04,98.5,5000.0,2.2888,USD,2027-03-31
80,S04,CHEM-X04,98.5,20000.0,2.1658,USD,2027-03-31
81,S04,CHEM-X04,99.0,0.0,2.5637,USD,2027-03-31
82,S04,CHEM-X04,99.0,1000.0,2.4868,USD,2027-03-31
83,S04,CHEM-X04,99.0,5000.0,2.3842,USD,2027-03-31
84,S04,CHEM-X04,99.0,20000.0,2.256,USD,2027-03-31
85,S04,CHEM-X04,99.5,0.0,2.9482,USD,2027-03-31
86,S04,CHEM-X04,99.5,1000.0,2.8598,USD,2027-03-31
87,S04,CHEM-X04,99.5,5000.0,2.7418,USD,2027-03-31
88,S04,CHEM-X04,99.5,20000.0,2.5944,USD,2027-03-31
89,S13,CHEM-X04,99.0,0.0,2.6016,USD,2027-03-31
90,S13,CHEM-X04,99.0,1000.0,2.5236,USD,2027-03-31
91,S13,CHEM-X04,99.0,5000.0,2.4195,USD,2027-03-31
92,S13,CHEM-X04,99.0,20000.0,2.2894,USD,2027-03-31
93,S13,CHEM-X04,99.5,0.0,2.9918,USD,2027-03-31
94,S13,CHEM-X04,99.5,1000.0,2.9021,USD,2027-03-31
95,S13,CHEM-X04,99.5,5000.0,2.7824,USD,2027-03-31
96,S13,CHEM-X04,99.5,20000.0,2.6328,USD,2027-03-31
97,S08,CHEM-X04,99.0,0.0,2.9647,USD,2027-03-31
98,S08,CHEM-X04,99.0,1000.0,2.8758,USD,2027-03-31
99,S08,CHEM-X04,99.0,5000.0,2.7572,USD,2027-03-31
100,S08,CHEM-X04,99.0,20000.0,2.609,USD,2027-03-31
101,S08,CHEM-X04,99.5,0.0,3.4095,USD,2027-03-31
102,S08,CHEM-X04,99.5,1000.0,3.3072,USD,2027-03-31
103,S08,CHEM-X04,99.5,5000.0,3.1708,USD,2027-03-31
104,S08,CHEM-X04,99.5,20000.0,3.0003,USD,2027-03-31
105,S07,CHEM-X04,99.0,0.0,2.6368,USD,2027-03-31
106,S07,CHEM-X04,99.0,1000.0,2.5577,USD,2027-03-31
107,S07,CHEM-X04,99.0,5000.0,2.4523,USD,2027-03-31
108,S07,CHEM-X04,99.0,20000.0,2.3204,USD,2027-03-31
109,S01,CHEM-X05,98.0,0.0,17.6324,USD,2027-03-31
110,S01,CHEM-X05,98.0,1000.0,17.1035,USD,2027-03-31
111,S01,CHEM-X05,98.0,5000.0,16.3982,USD,2027-03-31
112,S01,CHEM-X05,98.0,20000.0,15.5165,USD,2027-03-31
113,S07,CHEM-X05,98.0,0.0,18.3687,USD,2027-03-31
114,S07,CHEM-X05,98.0,1000.0,17.8176,USD,2027-03-31
115,S07,CHEM-X05,98.0,5000.0,17.0829,USD,2027-03-31
116,S07,CHEM-X05,98.0,20000.0,16.1644,USD,2027-03-31
117,S04,CHEM-X06,99.0,0.0,18.447,USD,2027-03-31
118,S04,CHEM-X06,99.0,1000.0,17.8936,USD,2027-03-31
119,S04,CHEM-X06,99.0,5000.0,17.1557,USD,2027-03-31
120,S04,CHEM-X06,99.0,20000.0,16.2334,USD,2027-03-31
121,S04,CHEM-X06,99.5,0.0,21.214,USD,2027-03-31
122,S04,CHEM-X06,99.5,1000.0,20.5776,USD,2027-03-31
123,S04,CHEM-X06,99.5,5000.0,19.7291,USD,2027-03-31
124,S04,CHEM-X06,99.5,20000.0,18.6684,USD,2027-03-31
125,S15,CHEM-X06,98.5,0.0,20.9477,USD,2027-03-31
126,S15,CHEM-X06,98.5,1000.0,20.3192,USD,2027-03-31
127,S15,CHEM-X06,98.5,5000.0,19.4813,USD,2027-03-31
128,S15,CHEM-X06,98.5,20000.0,18.434,USD,2027-03-31
129,S15,CHEM-X06,99.0,0.0,21.8205,USD,2027-03-31
130,S15,CHEM-X06,99.0,1000.0,21.1659,USD,2027-03-31
131,S15,CHEM-X06,99.0,5000.0,20.2931,USD,2027-03-31
132,S15,CHEM-X06,99.0,20000.0,19.202,USD,2027-03-31
133,S15,CHEM-X06,99.5,0.0,25.0936,USD,2027-03-31
134,S15,CHEM-X06,99.5,1000.0,24.3408,USD,2027-03-31
135,S15,CHEM-X06,99.5,5000.0,23.337,USD,2027-03-31
136,S15,CHEM-X06,99.5,20000.0,22.0823,USD,2027-03-31
137,S14,CHEM-X07,98.0,0.0,15.0965,USD,2027-03-31
138,S14,CHEM-X07,98.0,1000.0,14.6436,USD,2027-03-31
139,S14,CHEM-X07,98.0,5000.0,14.0397,USD,2027-03-31
140,S14,CHEM-X07,98.0,20000.0,13.2849,USD,2027-03-31
141,S02,CHEM-X07,98.0,0.0,16.4801,USD,2027-03-31
142,S02,CHEM-X07,98.0,1000.0,15.9857,USD,2027-03-31
143,S02,CHEM-X07,98.0,5000.0,15.3265,USD,2027-03-31
144,S02,CHEM-X07,98.0,20000.0,14.5025,USD,2027-03-31
145,S08,CHEM-X07,98.0,0.0,16.8183,USD,2027-03-31
146,S08,CHEM-X07,98.0,1000.0,16.3137,USD,2027-03-31
147,S08,CHEM-X07,98.0,5000.0,15.641,USD,2027-03-31
148,S08,CHEM-X07,98.0,20000.0,14.8001,USD,2027-03-31
149,S08,CHEM-X07,98.5,0.0,17.5495,USD,2027-03-31
150,S08,CHEM-X07,98.5,1000.0,17.023,USD,2027-03-31
151,S08,CHEM-X07,98.5,5000.0,16.321,USD,2027-03-31
152,S08,CHEM-X07,98.5,20000.0,15.4436,USD,2027-03-31
153,S02,CHEM-X08,98.0,0.0,11.5785,USD,2027-03-31
154,S02,CHEM-X08,98.0,1000.0,11.2311,USD,2027-03-31
155,S02,CHEM-X08,98.0,5000.0,10.768,USD,2027-03-31
156,S02,CHEM-X08,98.0,20000.0,10.189,USD,2027-03-31
157,S13,CHEM-X08,98.0,0.0,10.3688,USD,2027-03-31
158,S13,CHEM-X08,98.0,1000.0,10.0577,USD,2027-03-31
159,S13,CHEM-X08,98.0,5000.0,9.643,USD,2027-03-31
160,S13,CHEM-X08,98.0,20000.0,9.1245,USD,2027-03-31
161,S13,CHEM-X08,98.5,0.0,10.8196,USD,2027-03-31
162,S13,CHEM-X08,98.5,1000.0,10.495,USD,2027-03-31
163,S13,CHEM-X08,98.5,5000.0,10.0622,USD,2027-03-31
164,S13,CHEM-X08,98.5,20000.0,9.5212,USD,2027-03-31
165,S08,CHEM-X09,98.5,0.0,25.0062,USD,2027-03-31
166,S08,CHEM-X09,98.5,1000.0,24.256,USD,2027-03-31
167,S08,CHEM-X09,98.5,5000.0,23.2558,USD,2027-03-31
168,S08,CHEM-X09,98.5,20000.0,22.0055,USD,2027-03-31
169,S08,CHEM-X09,99.0,0.0,26.0481,USD,2027-03-31
170,S08,CHEM-X09,99.0,1000.0,25.2667,USD,2027-03-31
171,S08,CHEM-X09,99.0,5000.0,24.2248,USD,2027-03-31
172,S08,CHEM-X09,99.0,20000.0,22.9224,USD,2027-03-31
173,S08,CHEM-X09,99.5,0.0,29.9554,USD,2027-03-31
174,S08,CHEM-X09,99.5,1000.0,29.0567,USD,2027-03-31
175,S08,CHEM-X09,99.5,5000.0,27.8585,USD,2027-03-31
176,S08,CHEM-X09,99.5,20000.0,26.3607,USD,2027-03-31
177,S04,CHEM-X09,99.0,0.0,22.5243,USD,2027-03-31
178,S04,CHEM-X09,99.0,1000.0,21.8485,USD,2027-03-31
179,S04,CHEM-X09,99.0,5000.0,20.9476,USD,2027-03-31
180,S04,CHEM-X09,99.0,20000.0,19.8213,USD,2027-03-31
181,S04,CHEM-X09,99.5,0.0,25.9029,USD,2027-03-31
182,S04,CHEM-X09,99.5,1000.0,25.1258,USD,2027-03-31
183,S04,CHEM-X09,99.5,5000.0,24.0897,USD,2027-03-31
184,S04,CHEM-X09,99.5,20000.0,22.7946,USD,2027-03-31
185,S07,CHEM-X09,98.5,0.0,22.2404,USD,2027-03-31
186,S07,CHEM-X09,98.5,1000.0,21.5732,USD,2027-03-31
187,S07,CHEM-X09,98.5,5000.0,20.6836,USD,2027-03-31
188,S07,CHEM-X09,98.5,20000.0,19.5716,USD,2027-03-31
189,S07,CHEM-X09,99.0,0.0,23.1671,USD,2027-03-31
190,S07,CHEM-X09,99.0,1000.0,22.4721,USD,2027-03-31
191,S07,CHEM-X09,99.0,5000.0,21.5454,USD,2027-03-31
192,S07,CHEM-X09,99.0,20000.0,20.3871,USD,2027-03-31
193,S01,CHEM-X09,99.0,0.0,22.2385,USD,2027-03-31
194,S01,CHEM-X09,99.0,1000.0,21.5714,USD,2027-03-31
195,S01,CHEM-X09,99.0,5000.0,20.6818,USD,2027-03-31
196,S01,CHEM-X09,99.0,20000.0,19.5699,USD,2027-03-31
197,S03,CHEM-X10,98.5,0.0,13.2159,USD,2027-03-31
198,S03,CHEM-X10,98.5,1000.0,12.8194,USD,2027-03-31
199,S03,CHEM-X10,98.5,5000.0,12.2908,USD,2027-03-31
200,S03,CHEM-X10,98.5,20000.0,11.63,USD,2027-03-31
201,S03,CHEM-X10,99.9,0.0,19.9616,USD,2027-03-31
202,S03,CHEM-X10,99.9,1000.0,19.3627,USD,2027-03-31
203,S03,CHEM-X10,99.9,5000.0,18.5642,USD,2027-03-31
204,S03,CHEM-X10,99.9,20000.0,17.5662,USD,2027-03-31
205,S04,CHEM-X10,98.5,0.0,11.6517,USD,2027-03-31
206,S04,CHEM-X10,98.5,1000.0,11.3021,USD,2027-03-31
207,S04,CHEM-X10,98.5,5000.0,10.8361,USD,2027-03-31
208,S04,CHEM-X10,98.5,20000.0,10.2535,USD,2027-03-31
209,S04,CHEM-X10,99.0,0.0,12.1372,USD,2027-03-31
210,S04,CHEM-X10,99.0,1000.0,11.7731,USD,2027-03-31
211,S04,CHEM-X10,99.0,5000.0,11.2876,USD,2027-03-31
212,S04,CHEM-X10,99.0,20000.0,10.6807,USD,2027-03-31
213,S05,CHEM-X10,98.5,0.0,12.5016,USD,2027-03-31
214,S05,CHEM-X10,98.5,1000.0,12.1265,USD,2027-03-31
215,S05,CHEM-X10,98.5,5000.0,11.6264,USD,2027-03-31
216,S05,CHEM-X10,98.5,20000.0,11.0014,USD,2027-03-31
217,S05,CHEM-X10,99.0,0.0,13.0224,USD,2027-03-31
218,S05,CHEM-X10,99.0,1000.0,12.6318,USD,2027-03-31
219,S05,CHEM-X10,99.0,5000.0,12.1109,USD,2027-03-31
220,S05,CHEM-X10,99.0,20000.0,11.4598,USD,2027-03-31
221,S14,CHEM-X10,98.5,0.0,12.0951,USD,2027-03-31
222,S14,CHEM-X10,98.5,1000.0,11.7322,USD,2027-03-31
223,S14,CHEM-X10,98.5,5000.0,11.2484,USD,2027-03-31
224,S14,CHEM-X10,98.5,20000.0,10.6437,USD,2027-03-31
225,S14,CHEM-X10,99.0,0.0,12.5991,USD,2027-03-31
226,S14,CHEM-X10,99.0,1000.0,12.2211,USD,2027-03-31
227,S14,CHEM-X10,99.0,5000.0,11.7171,USD,2027-03-31
228,S14,CHEM-X10,99.0,20000.0,11.0872,USD,2027-03-31
229,S01,CHEM-X11,98.0,0.0,12.3479,USD,2027-03-31
230,S01,CHEM-X11,98.0,1000.0,11.9774,USD,2027-03-31
231,S01,CHEM-X11,98.0,5000.0,11.4835,USD,2027-03-31
232,S01,CHEM-X11,98.0,20000.0,10.8661,USD,2027-03-31
233,S01,CHEM-X11,98.5,0.0,12.8847,USD,2027-03-31
234,S01,CHEM-X11,98.5,1000.0,12.4982,USD,2027-03-31
235,S01,CHEM-X11,98.5,5000.0,11.9828,USD,2027-03-31
236,S01,CHEM-X11,98.5,20000.0,11.3386,USD,2027-03-31
237,S09,CHEM-X11,98.5,0.0,13.8642,USD,2027-03-31
238,S09,CHEM-X11,98.5,1000.0,13.4483,USD,2027-03-31
239,S09,CHEM-X11,98.5,5000.0,12.8937,USD,2027-03-31
240,S09,CHEM-X11,98.5,20000.0,12.2005,USD,2027-03-31
241,S09,CHEM-X11,99.0,0.0,14.4418,USD,2027-03-31
242,S09,CHEM-X11,99.0,1000.0,14.0086,USD,2027-03-31
243,S09,CHEM-X11,99.0,5000.0,13.4309,USD,2027-03-31
244,S09,CHEM-X11,99.0,20000.0,12.7088,USD,2027-03-31
245,S02,CHEM-X11,98.5,0.0,14.7885,USD,2027-03-31
246,S02,CHEM-X11,98.5,1000.0,14.3448,USD,2027-03-31
247,S02,CHEM-X11,98.5,5000.0,13.7533,USD,2027-03-31
248,S02,CHEM-X11,98.5,20000.0,13.0138,USD,2027-03-31
249,S02,CHEM-X11,99.0,0.0,15.4046,USD,2027-03-31
250,S02,CHEM-X11,99.0,1000.0,14.9425,USD,2027-03-31
251,S02,CHEM-X11,99.0,5000.0,14.3263,USD,2027-03-31
252,S02,CHEM-X11,99.0,20000.0,13.5561,USD,2027-03-31
253,S10,CHEM-X12,99.0,0.0,3.2323,USD,2026-10-12
254,S10,CHEM-X12,99.0,1000.0,3.1354,USD,2026-10-12
255,S10,CHEM-X12,99.0,5000.0,3.0061,USD,2026-10-12
256,S10,CHEM-X12,99.0,20000.0,2.8444,USD,2026-10-12
257,S15,CHEM-X12,99.0,0.0,3.7598,USD,2026-10-12
258,S15,CHEM-X12,99.0,1000.0,3.647,USD,2026-10-12
259,S15,CHEM-X12,99.0,5000.0,3.4967,USD,2026-10-12
260,S15,CHEM-X12,99.0,20000.0,3.3087,USD,2026-10-12
261,S15,CHEM-X12,99.5,0.0,4.3238,USD,2026-10-12
262,S15,CHEM-X12,99.5,1000.0,4.1941,USD,2026-10-12
263,S15,CHEM-X12,99.5,5000.0,4.0211,USD,2026-10-12
264,S15,CHEM-X12,99.5,20000.0,3.805,USD,2026-10-12
265,S01,CHEM-X12,98.5,0.0,3.0127,USD,2026-10-12
266,S01,CHEM-X12,98.5,1000.0,2.9223,USD,2026-10-12
267,S01,CHEM-X12,98.5,5000.0,2.8018,USD,2026-10-12
268,S01,CHEM-X12,98.5,20000.0,2.6512,USD,2026-10-12
269,S01,CHEM-X12,99.0,0.0,3.1382,USD,2026-10-12
270,S01,CHEM-X12,99.0,1000.0,3.0441,USD,2026-10-12
271,S01,CHEM-X12,99.0,5000.0,2.9186,USD,2026-10-12
272,S01,CHEM-X12,99.0,20000.0,2.7617,USD,2026-10-12
273,S04,CHEM-X13,98.5,0.0,7.674,USD,2027-03-31
274,S04,CHEM-X13,98.5,1000.0,7.4437,USD,2027-03-31
275,S04,CHEM-X13,98.5,5000.0,7.1368,USD,2027-03-31
276,S04,CHEM-X13,98.5,20000.0,6.7531,USD,2027-03-31
277,S04,CHEM-X13,99.0,0.0,7.9937,USD,2027-03-31
278,S04,CHEM-X13,99.0,1000.0,7.7539,USD,2027-03-31
279,S04,CHEM-X13,99.0,5000.0,7.4341,USD,2027-03-31
280,S04,CHEM-X13,99.0,20000.0,7.0345,USD,2027-03-31
281,S05,CHEM-X13,98.5,0.0,8.2337,USD,2027-03-31
282,S05,CHEM-X13,98.5,1000.0,7.9867,USD,2027-03-31
283,S05,CHEM-X13,98.5,5000.0,7.6573,USD,2027-03-31
284,S05,CHEM-X13,98.5,20000.0,7.2456,USD,2027-03-31
285,S05,CHEM-X13,99.0,0.0,8.5767,USD,2027-03-31
286,S05,CHEM-X13,99.0,1000.0,8.3194,USD,2027-03-31
287,S05,CHEM-X13,99.0,5000.0,7.9764,USD,2027-03-31
288,S05,CHEM-X13,99.0,20000.0,7.5475,USD,2027-03-31
289,S07,CHEM-X13,98.0,0.0,7.5641,USD,2027-03-31
290,S07,CHEM-X13,98.0,1000.0,7.3372,USD,2027-03-31
291,S07,CHEM-X13,98.0,5000.0,7.0346,USD,2027-03-31
292,S07,CHEM-X13,98.0,20000.0,6.6564,USD,2027-03-31
293,S07,CHEM-X13,98.5,0.0,7.893,USD,2027-03-31
294,S07,CHEM-X13,98.5,1000.0,7.6562,USD,2027-03-31
295,S07,CHEM-X13,98.5,5000.0,7.3405,USD,2027-03-31
296,S07,CHEM-X13,98.5,20000.0,6.9458,USD,2027-03-31
297,S02,CHEM-X14,98.5,0.0,8.6343,USD,2027-03-31
298,S02,CHEM-X14,98.5,1000.0,8.3753,USD,2027-03-31
299,S02,CHEM-X14,98.5,5000.0,8.0299,USD,2027-03-31
300,S02,CHEM-X14,98.5,20000.0,7.5982,USD,2027-03-31
301,S02,CHEM-X14,99.0,0.0,8.9941,USD,2027-03-31
302,S02,CHEM-X14,99.0,1000.0,8.7243,USD,2027-03-31
303,S02,CHEM-X14,99.0,5000.0,8.3645,USD,2027-03-31
304,S02,CHEM-X14,99.0,20000.0,7.9148,USD,2027-03-31
305,S02,CHEM-X14,99.5,0.0,10.3432,USD,2027-03-31
306,S02,CHEM-X14,99.5,1000.0,10.0329,USD,2027-03-31
307,S02,CHEM-X14,99.5,5000.0,9.6192,USD,2027-03-31
308,S02,CHEM-X14,99.5,20000.0,9.102,USD,2027-03-31
309,S09,CHEM-X14,99.0,0.0,8.432,USD,2027-03-31
310,S09,CHEM-X14,99.0,1000.0,8.179,USD,2027-03-31
311,S09,CHEM-X14,99.0,5000.0,7.8417,USD,2027-03-31
312,S09,CHEM-X14,99.0,20000.0,7.4201,USD,2027-03-31
313,S06,CHEM-X15,98.5,0.0,13.6454,USD,2027-03-31
314,S06,CHEM-X15,98.5,1000.0,13.2361,USD,2027-03-31
315,S06,CHEM-X15,98.5,5000.0,12.6903,USD,2027-03-31
316,S06,CHEM-X15,98.5,20000.0,12.008,USD,2027-03-31
317,S06,CHEM-X15,99.0,0.0,14.214,USD,2027-03-31
318,S06,CHEM-X15,99.0,1000.0,13.7876,USD,2027-03-31
319,S06,CHEM-X15,99.0,5000.0,13.219,USD,2027-03-31
320,S06,CHEM-X15,99.0,20000.0,12.5083,USD,2027-03-31
321,S05,CHEM-X15,98.5,0.0,13.4467,USD,2027-03-31
322,S05,CHEM-X15,98.5,1000.0,13.0433,USD,2027-03-31
323,S05,CHEM-X15,98.5,5000.0,12.5054,USD,2027-03-31
324,S05,CHEM-X15,98.5,20000.0,11.8331,USD,2027-03-31
325,S05,CHEM-X15,99.0,0.0,14.007,USD,2027-03-31
326,S05,CHEM-X15,99.0,1000.0,13.5868,USD,2027-03-31
327,S05,CHEM-X15,99.0,5000.0,13.0265,USD,2027-03-31
328,S05,CHEM-X15,99.0,20000.0,12.3262,USD,2027-03-31
329,S03,CHEM-X15,98.5,0.0,14.2151,USD,2027-03-31
330,S03,CHEM-X15,98.5,1000.0,13.7887,USD,2027-03-31
331,S03,CHEM-X15,98.5,5000.0,13.22,USD,2027-03-31
332,S03,CHEM-X15,98.5,20000.0,12.5093,USD,2027-03-31
333,S15,CHEM-X16,98.0,0.0,5.3327,USD,2027-03-31
334,S15,CHEM-X16,98.0,1000.0,5.1727,USD,2027-03-31
335,S15,CHEM-X16,98.0,5000.0,4.9594,USD,2027-03-31
336,S15,CHEM-X16,98.0,20000.0,4.6928,USD,2027-03-31
337,S15,CHEM-X16,98.5,0.0,5.5646,USD,2027-03-31
338,S15,CHEM-X16,98.5,1000.0,5.3976,USD,2027-03-31
339,S15,CHEM-X16,98.5,5000.0,5.175,USD,2027-03-31
340,S15,CHEM-X16,98.5,20000.0,4.8968,USD,2027-03-31
341,S11,CHEM-X16,98.0,0.0,4.899,USD,2027-03-31
342,S11,CHEM-X16,98.0,1000.0,4.7521,USD,2027-03-31
343,S11,CHEM-X16,98.0,5000.0,4.5561,USD,2027-03-31
344,S11,CHEM-X16,98.0,20000.0,4.3112,USD,2027-03-31
345,S11,CHEM-X16,98.5,0.0,5.112,USD,2027-03-31
346,S11,CHEM-X16,98.5,1000.0,4.9587,USD,2027-03-31
347,S11,CHEM-X16,98.5,5000.0,4.7542,USD,2027-03-31
348,S11,CHEM-X16,98.5,20000.0,4.4986,USD,2027-03-31
349,S11,CHEM-X16,99.0,0.0,5.325,USD,2027-03-31
350,S11,CHEM-X16,99.0,1000.0,5.1653,USD,2027-03-31
351,S11,CHEM-X16,99.0,5000.0,4.9523,USD,2027-03-31
352,S11,CHEM-X16,99.0,20000.0,4.686,USD,2027-03-31
353,S02,CHEM-X16,98.0,0.0,5.1087,USD,2027-03-31
354,S02,CHEM-X16,98.0,1000.0,4.9555,USD,2027-03-31
355,S02,CHEM-X16,98.0,5000.0,4.7511,USD,2027-03-31
356,S02,CHEM-X16,98.0,20000.0,4.4957,USD,2027-03-31
357,S02,CHEM-X16,98.5,0.0,5.3308,USD,2027-03-31
358,S02,CHEM-X16,98.5,1000.0,5.1709,USD,2027-03-31
359,S02,CHEM-X16,98.5,5000.0,4.9577,USD,2027-03-31
360,S02,CHEM-X16,98.5,20000.0,4.6911,USD,2027-03-31
361,S02,CHEM-X16,99.0,0.0,5.553,USD,2027-03-31
362,S02,CHEM-X16,99.0,1000.0,5.3864,USD,2027-03-31
363,S02,CHEM-X16,99.0,5000.0,5.1643,USD,2027-03-31
364,S02,CHEM-X16,99.0,20000.0,4.8866,USD,2027-03-31
365,S12,CHEM-X17,99.0,0.0,12.5255,USD,2026-08-31
366,S12,CHEM-X17,99.0,1000.0,12.1497,USD,2026-08-31
367,S12,CHEM-X17,99.0,5000.0,11.6487,USD,2026-08-31
368,S12,CHEM-X17,99.0,20000.0,11.0224,USD,2026-08-31
369,S06,CHEM-X17,98.5,0.0,11.6184,USD,2026-08-31
370,S06,CHEM-X17,98.5,1000.0,11.2698,USD,2026-08-31
371,S06,CHEM-X17,98.5,5000.0,10.8051,USD,2026-08-31
372,S06,CHEM-X17,98.5,20000.0,10.2242,USD,2026-08-31
373,S06,CHEM-X17,99.0,0.0,12.1025,USD,2026-08-31
374,S06,CHEM-X17,99.0,1000.0,11.7394,USD,2026-08-31
375,S06,CHEM-X17,99.0,5000.0,11.2553,USD,2026-08-31
376,S06,CHEM-X17,99.0,20000.0,10.6502,USD,2026-08-31
377,S06,CHEM-X17,99.5,0.0,13.9179,USD,2026-08-31
378,S06,CHEM-X17,99.5,1000.0,13.5003,USD,2026-08-31
379,S06,CHEM-X17,99.5,5000.0,12.9436,USD,2026-08-31
380,S06,CHEM-X17,99.5,20000.0,12.2477,USD,2026-08-31
381,S04,CHEM-X17,98.5,0.0,10.6709,USD,2026-08-31
382,S04,CHEM-X17,98.5,1000.0,10.3508,USD,2026-08-31
383,S04,CHEM-X17,98.5,5000.0,9.9239,USD,2026-08-31
384,S04,CHEM-X17,98.5,20000.0,9.3904,USD,2026-08-31
385,S04,CHEM-X17,99.0,0.0,11.1155,USD,2026-08-31
386,S04,CHEM-X17,99.0,1000.0,10.782,USD,2026-08-31
387,S04,CHEM-X17,99.0,5000.0,10.3374,USD,2026-08-31
388,S04,CHEM-X17,99.0,20000.0,9.7816,USD,2026-08-31
389,S14,CHEM-X18,98.5,0.0,26.8675,USD,2027-03-31
390,S14,CHEM-X18,98.5,1000.0,26.0615,USD,2027-03-31
391,S14,CHEM-X18,98.5,5000.0,24.9868,USD,2027-03-31
392,S14,CHEM-X18,98.5,20000.0,23.6434,USD,2027-03-31
393,S14,CHEM-X18,99.0,0.0,27.987,USD,2027-03-31
394,S14,CHEM-X18,99.0,1000.0,27.1474,USD,2027-03-31
395,S14,CHEM-X18,99.0,5000.0,26.0279,USD,2027-03-31
396,S14,CHEM-X18,99.0,20000.0,24.6286,USD,2027-03-31
397,S14,CHEM-X18,99.5,0.0,32.185,USD,2027-03-31
398,S14,CHEM-X18,99.5,1000.0,31.2195,USD,2027-03-31
399,S14,CHEM-X18,99.5,5000.0,29.9321,USD,2027-03-31
400,S14,CHEM-X18,99.5,20000.0,28.3228,USD,2027-03-31
401,S14,CHEM-X18,99.9,0.0,40.5811,USD,2027-03-31
402,S14,CHEM-X18,99.9,1000.0,39.3637,USD,2027-03-31
403,S14,CHEM-X18,99.9,5000.0,37.7405,USD,2027-03-31
404,S14,CHEM-X18,99.9,20000.0,35.7114,USD,2027-03-31
405,S05,CHEM-X18,98.5,0.0,27.7704,USD,2027-03-31
406,S05,CHEM-X18,98.5,1000.0,26.9373,USD,2027-03-31
407,S05,CHEM-X18,98.5,5000.0,25.8265,USD,2027-03-31
408,S05,CHEM-X18,98.5,20000.0,24.438,USD,2027-03-31
409,S05,CHEM-X18,99.0,0.0,28.9275,USD,2027-03-31
410,S05,CHEM-X18,99.0,1000.0,28.0597,USD,2027-03-31
411,S05,CHEM-X18,99.0,5000.0,26.9026,USD,2027-03-31
412,S05,CHEM-X18,99.0,20000.0,25.4562,USD,2027-03-31
413,S01,CHEM-X18,99.0,0.0,26.619,USD,2027-03-31
414,S01,CHEM-X18,99.0,1000.0,25.8204,USD,2027-03-31
415,S01,CHEM-X18,99.0,5000.0,24.7557,USD,2027-03-31
416,S01,CHEM-X18,99.0,20000.0,23.4247,USD,2027-03-31
417,S01,CHEM-X18,99.5,0.0,30.6119,USD,2027-03-31
418,S01,CHEM-X18,99.5,1000.0,29.6935,USD,2027-03-31
419,S01,CHEM-X18,99.5,5000.0,28.469,USD,2027-03-31
420,S01,CHEM-X18,99.5,20000.0,26.9384,USD,2027-03-31
421,S13,CHEM-X18,98.5,0.0,26.2656,USD,2027-03-31
422,S13,CHEM-X18,98.5,1000.0,25.4776,USD,2027-03-31
423,S13,CHEM-X18,98.5,5000.0,24.427,USD,2027-03-31
424,S13,CHEM-X18,98.5,20000.0,23.1137,USD,2027-03-31
425,S13,CHEM-X18,99.0,0.0,27.36,USD,2027-03-31
426,S13,CHEM-X18,99.0,1000.0,26.5392,USD,2027-03-31
427,S13,CHEM-X18,99.0,5000.0,25.4448,USD,2027-03-31
428,S13,CHEM-X18,99.0,20000.0,24.0768,USD,2027-03-31
429,S13,CHEM-X18,99.5,0.0,31.464,USD,2027-03-31
430,S13,CHEM-X18,99.5,1000.0,30.5201,USD,2027-03-31
431,S13,CHEM-X18,99.5,5000.0,29.2615,USD,2027-03-31
432,S13,CHEM-X18,99.5,20000.0,27.6883,USD,2027-03-31
433,S09,CHEM-X19,98.0,0.0,24.2153,USD,2027-03-31
434,S09,CHEM-X19,98.0,1000.0,23.4888,USD,2027-03-31
435,S09,CHEM-X19,98.0,5000.0,22.5202,USD,2027-03-31
436,S09,CHEM-X19,98.0,20000.0,21.3094,USD,2027-03-31
437,S09,CHEM-X19,98.5,0.0,25.2681,USD,2027-03-31
438,S09,CHEM-X19,98.5,1000.0,24.5101,USD,2027-03-31
439,S09,CHEM-X19,98.5,5000.0,23.4993,USD,2027-03-31
440,S09,CHEM-X19,98.5,20000.0,22.2359,USD,2027-03-31
441,S01,CHEM-X19,98.0,0.0,22.5045,USD,2027-03-31
442,S01,CHEM-X19,98.0,1000.0,21.8294,USD,2027-03-31
443,S01,CHEM-X19,98.0,5000.0,20.9292,USD,2027-03-31
444,S01,CHEM-X19,98.0,20000.0,19.804,USD,2027-03-31
445,S01,CHEM-X19,98.5,0.0,23.483,USD,2027-03-31
446,S01,CHEM-X19,98.5,1000.0,22.7785,USD,2027-03-31
447,S01,CHEM-X19,98.5,5000.0,21.8392,USD,2027-03-31
448,S01,CHEM-X19,98.5,20000.0,20.665,USD,2027-03-31
449,S06,CHEM-X19,98.0,0.0,24.8176,USD,2027-03-31
450,S06,CHEM-X19,98.0,1000.0,24.0731,USD,2027-03-31
451,S06,CHEM-X19,98.0,5000.0,23.0804,USD,2027-03-31
452,S06,CHEM-X19,98.0,20000.0,21.8395,USD,2027-03-31
453,S06,CHEM-X19,98.5,0.0,25.8967,USD,2027-03-31
454,S06,CHEM-X19,98.5,1000.0,25.1198,USD,2027-03-31
455,S06,CHEM-X19,98.5,5000.0,24.0839,USD,2027-03-31
456,S06,CHEM-X19,98.5,20000.0,22.7891,USD,2027-03-31
457,S06,CHEM-X20,98.0,0.0,2.0942,USD,2027-03-31
458,S06,CHEM-X20,98.0,1000.0,2.0314,USD,2027-03-31
459,S06,CHEM-X20,98.0,5000.0,1.9476,USD,2027-03-31
460,S06,CHEM-X20,98.0,20000.0,1.8429,USD,2027-03-31
461,S13,CHEM-X20,98.0,0.0,1.9519,USD,2027-03-31
462,S13,CHEM-X20,98.0,1000.0,1.8933,USD,2027-03-31
463,S13,CHEM-X20,98.0,5000.0,1.8152,USD,2027-03-31
464,S13,CHEM-X20,98.0,20000.0,1.7176,USD,2027-03-31
465,S13,CHEM-X20,98.5,0.0,2.0367,USD,2027-03-31
466,S13,CHEM-X20,98.5,1000.0,1.9756,USD,2027-03-31
467,S13,CHEM-X20,98.5,5000.0,1.8942,USD,2027-03-31
468,S13,CHEM-X20,98.5,20000.0,1.7923,USD,2027-03-31
469,S01,CHEM-X20,98.0,0.0,1.899,USD,2027-03-31
470,S01,CHEM-X20,98.0,1000.0,1.842,USD,2027-03-31
471,S01,CHEM-X20,98.0,5000.0,1.7661,USD,2027-03-31
472,S01,CHEM-X20,98.0,20000.0,1.6711,USD,2027-03-31
473,S01,CHEM-X20,98.5,0.0,1.9816,USD,2027-03-31
474,S01,CHEM-X20,98.5,1000.0,1.9221,USD,2027-03-31
475,S01,CHEM-X20,98.5,5000.0,1.8429,USD,2027-03-31
476,S01,CHEM-X20,98.5,20000.0,1.7438,USD,2027-03-31
