id,product_code,qty_kg,dest_port,quoted_price_per_kg,outcome,quoted_at
1,CHEM-X01,8000,Rotterdam,14.1339,lost,2026-07-24
2,CHEM-X01,10000,Rotterdam,14.2653,lost,2026-04-18
3,CHEM-X01,10000,Los Angeles,14.085,lost,2026-06-12
4,CHEM-X02,5000,Savannah,2.5486,lost,2026-05-27
5,CHEM-X02,5000,Los Angeles,2.3906,lost,2026-08-14
6,CHEM-X02,2000,Rotterdam,2.5468,lost,2026-05-27
7,CHEM-X03,2000,Los Angeles,3.9536,lost,2026-06-28
8,CHEM-X03,2000,Rotterdam,4.1441,lost,2026-03-21
9,CHEM-X03,10000,Rotterdam,3.8872,won,2026-06-17
10,CHEM-X04,10000,Houston,2.8547,lost,2026-05-22
11,CHEM-X04,10000,Los Angeles,2.9865,won,2026-06-28
12,CHEM-X04,2000,Houston,2.9398,lost,2026-04-24
13,CHEM-X05,8000,Rotterdam,20.0091,lost,2026-04-24
14,CHEM-X05,10000,Savannah,20.309,lost,2026-05-12
15,CHEM-X05,2000,Savannah,20.6055,won,2026-08-12
16,CHEM-X06,2000,Houston,20.2299,won,2026-04-10
17,CHEM-X06,5000,Los Angeles,19.9152,lost,2026-08-13
18,CHEM-X06,5000,Rotterdam,19.8024,lost,2026-05-15
19,CHEM-X07,2000,Los Angeles,15.6075,lost,2026-03-28
20,CHEM-X07,8000,Rotterdam,14.7115,lost,2026-08-16
21,CHEM-X07,5000,Houston,14.7892,lost,2026-08-13
22,CHEM-X08,2000,Savannah,11.5676,lost,2026-08-21
23,CHEM-X08,8000,Houston,10.7505,lost,2026-06-13
24,CHEM-X08,8000,Rotterdam,11.1601,won,2026-06-15
25,CHEM-X09,8000,Rotterdam,35.1895,lost,2026-06-28
26,CHEM-X09,5000,Houston,33.5892,lost,2026-06-17
27,CHEM-X09,10000,Savannah,35.2468,won,2026-06-20
28,CHEM-X10,5000,Savannah,13.6652,lost,2026-05-18
29,CHEM-X10,8000,Houston,14.6511,won,2026-03-17
30,CHEM-X10,10000,Los Angeles,14.4249,lost,2026-08-25
