id,product_code,parameter,operator,min_value,max_value,unit,critical,review_margin
1,CHEM-X01,purity,>=,99.0,,%,1,0.1
2,CHEM-X01,moisture,<=,,0.1,%,1,0.02
3,CHEM-X01,color_apha,<=,,30,APHA,0,5
4,CHEM-X01,residual_solvent_ppm,<=,,500,ppm,1,50
5,CHEM-X02,purity,>=,99.0,,%,1,0.1
6,CHEM-X02,moisture,<=,,0.1,%,0,0.02
7,CHEM-X02,color_apha,<=,,15,APHA,0,5
8,CHEM-X02,residual_solvent_ppm,<=,,500,ppm,0,50
9,CHEM-X03,purity,>=,98.0,,%,1,0.1
10,CHEM-X03,moisture,<=,,0.05,%,0,0.02
11,CHEM-X03,color_apha,<=,,30,APHA,0,5
12,CHEM-X03,ph,between,4.5,6.5,,0,0.2
13,CHEM-X04,purity,>=,99.0,,%,1,0.1
14,CHEM-X04,moisture,<=,,0.2,%,0,0.02
15,CHEM-X04,color_apha,<=,,10,APHA,0,5
16,CHEM-X04,residual_solvent_ppm,<=,,1000,ppm,0,50
17,CHEM-X05,purity,>=,98.0,,%,1,0.1
18,CHEM-X05,moisture,<=,,0.5,%,0,0.02
19,CHEM-X05,color_apha,<=,,10,APHA,0,5
20,CHEM-X05,heavy_metals_ppm,<=,,20,ppm,0,1
21,CHEM-X06,purity,>=,99.0,,%,1,0.1
22,CHEM-X06,moisture,<=,,0.2,%,0,0.02
23,CHEM-X06,color_apha,<=,,50,APHA,0,5
24,CHEM-X06,heavy_metals_ppm,<=,,5,ppm,0,1
25,CHEM-X07,purity,>=,98.0,,%,1,0.1
26,CHEM-X07,moisture,<=,,0.05,%,1,0.02
27,CHEM-X07,color_apha,<=,,15,APHA,0,5
28,CHEM-X07,residual_solvent_ppm,<=,,500,ppm,1,50
29,CHEM-X08,purity,>=,98.0,,%,1,0.1
30,CHEM-X08,moisture,<=,,0.1,%,1,0.02
31,CHEM-X08,color_apha,<=,,10,APHA,0,5
32,CHEM-X08,residual_solvent_ppm,<=,,1000,ppm,1,50
33,CHEM-X09,purity,>=,99.0,,%,1,0.1
34,CHEM-X09,moisture,<=,,0.5,%,0,0.02
35,CHEM-X09,color_apha,<=,,20,APHA,0,5
36,CHEM-X09,ph,between,5.0,7.0,,0,0.2
37,CHEM-X09,heavy_metals_ppm,<=,,10,ppm,1,1
38,CHEM-X10,purity,>=,98.5,,%,1,0.1
39,CHEM-X10,moisture,<=,,0.2,%,0,0.02
40,CHEM-X10,color_apha,<=,,10,APHA,0,5
41,CHEM-X10,ph,between,5.0,7.5,,0,0.2
42,CHEM-X10,heavy_metals_ppm,<=,,20,ppm,1,1
43,CHEM-X11,purity,>=,98.5,,%,1,0.1
44,CHEM-X11,moisture,<=,,0.1,%,1,0.02
45,CHEM-X11,color_apha,<=,,30,APHA,0,5
46,CHEM-X11,residual_solvent_ppm,<=,,1000,ppm,1,50
47,CHEM-X12,purity,>=,99.0,,%,1,0.1
48,CHEM-X12,moisture,<=,,0.1,%,0,0.02
49,CHEM-X12,color_apha,<=,,20,APHA,0,5
50,CHEM-X12,residual_solvent_ppm,<=,,100,ppm,0,50
51,CHEM-X13,purity,>=,98.5,,%,1,0.1
52,CHEM-X13,moisture,<=,,0.05,%,0,0.02
53,CHEM-X13,color_apha,<=,,20,APHA,0,5
54,CHEM-X13,heavy_metals_ppm,<=,,10,ppm,0,1
55,CHEM-X14,purity,>=,99.0,,%,1,0.1
56,CHEM-X14,moisture,<=,,0.05,%,1,0.02
57,CHEM-X14,color_apha,<=,,15,APHA,0,5
58,CHEM-X14,residual_solvent_ppm,<=,,500,ppm,1,50
59,CHEM-X15,purity,>=,98.5,,%,1,0.1
60,CHEM-X15,moisture,<=,,0.5,%,1,0.02
61,CHEM-X15,color_apha,<=,,30,APHA,0,5
62,CHEM-X15,residual_solvent_ppm,<=,,1000,ppm,1,50
63,CHEM-X16,purity,>=,98.5,,%,1,0.1
64,CHEM-X16,moisture,<=,,0.2,%,0,0.02
65,CHEM-X16,color_apha,<=,,15,APHA,0,5
66,CHEM-X16,ph,between,5.0,7.5,,0,0.2
67,CHEM-X17,purity,>=,99.0,,%,1,0.1
68,CHEM-X17,moisture,<=,,0.5,%,0,0.02
69,CHEM-X17,color_apha,<=,,50,APHA,0,5
70,CHEM-X17,heavy_metals_ppm,<=,,10,ppm,0,1
71,CHEM-X18,purity,>=,99.0,,%,1,0.1
72,CHEM-X18,moisture,<=,,0.1,%,0,0.02
73,CHEM-X18,color_apha,<=,,15,APHA,0,5
74,CHEM-X18,ph,between,6.0,7.5,,0,0.2
75,CHEM-X18,heavy_metals_ppm,<=,,5,ppm,1,1
76,CHEM-X19,purity,>=,98.0,,%,1,0.1
77,CHEM-X19,moisture,<=,,0.1,%,1,0.02
78,CHEM-X19,color_apha,<=,,15,APHA,0,5
79,CHEM-X19,residual_solvent_ppm,<=,,1000,ppm,1,50
80,CHEM-X20,purity,>=,98.0,,%,1,0.1
81,CHEM-X20,moisture,<=,,0.5,%,0,0.02
82,CHEM-X20,color_apha,<=,,30,APHA,0,5
83,CHEM-X20,residual_solvent_ppm,<=,,1000,ppm,0,50
