id,code,name,country,lead_time_days,moq_kg,rating
1,S01,Aravali Fine Chemicals Pvt Ltd,India,28,1000,4.8
2,S02,Bharat Synthesis Works,India,12,2000,4.5
3,S03,Cauvery Organics Ltd,India,29,1000,4.5
4,S04,Deccan Specialty Intermediates,India,22,500,4.0
5,S05,Eastern Ghats Chemicals,India,17,1000,3.6
6,S06,Ganga Process Industries,India,20,1000,4.5
7,S07,Najd Petrochemical Derivatives,Saudi Arabia,28,500,4.6
8,S08,Red Sea Specialty Co,Saudi Arabia,21,2000,4.2
9,S09,Hanbit Fine Materials,South Korea,18,500,4.0
10,S10,Seorak Chemical Solutions,South Korea,17,1000,4.7
11,S11,Chao Phraya Chemicals,Thailand,28,500,4.3
12,S12,Andaman Process Materials,Thailand,27,500,3.7
13,S13,Mekong Specialty Chemicals,Vietnam,23,1000,3.9
14,S14,Halong Fine Chemicals,Vietnam,19,1000,4.7
15,S15,Konkan Coastal Organics,India,14,2000,4.2
